CODE_BSS,DATE,NIVEAU_PIEZO
00471X0095/PZ2013,2021-10-15,62.56636176560484
00471X0095/PZ2013,2021-10-16,62.23255092758823
00471X0095/PZ2013,2021-10-17,62.2491738026433
00471X0095/PZ2013,2021-10-18,61.985632361229406
00471X0095/PZ2013,2021-10-19,62.0689395277502
00471X0095/PZ2013,2021-10-20,62.0597372820325
00471X0095/PZ2013,2021-10-21,62.59325273906474
00471X0095/PZ2013,2021-10-22,62.60009591147196
00471X0095/PZ2013,2021-10-23,62.17571103909321
00471X0095/PZ2013,2021-10-24,62.33287139763058
00471X0095/PZ2013,2021-10-25,62.34386141542733
00471X0095/PZ2013,2021-10-26,62.455638819564015
00471X0095/PZ2013,2021-10-27,62.12248100950244
00471X0095/PZ2013,2021-10-28,62.024244047022975
00471X0095/PZ2013,2021-10-29,62.76661869486642
00471X0095/PZ2013,2021-10-30,62.880032336115455
00471X0095/PZ2013,2021-10-31,62.68395499532178
00471X0095/PZ2013,2021-11-01,62.53788118117619
00471X0095/PZ2013,2021-11-02,62.64305116306991
00471X0095/PZ2013,2021-11-03,62.42856592556069
00471X0095/PZ2013,2021-11-04,62.69749111489266
00471X0095/PZ2013,2021-11-05,62.82863775252585
00471X0095/PZ2013,2021-11-06,62.84445357618523
00471X0095/PZ2013,2021-11-07,62.48298190945006
00471X0095/PZ2013,2021-11-08,62.48093638385807
00471X0095/PZ2013,2021-11-09,62.33483833983448
00471X0095/PZ2013,2021-11-10,62.28387124987609
00471X0095/PZ2013,2021-11-11,62.6352824093233
00471X0095/PZ2013,2021-11-12,62.50303246092132
00471X0095/PZ2013,2021-11-13,62.81375314201534
00471X0095/PZ2013,2021-11-14,62.54369517314405
00471X0095/PZ2013,2021-11-15,62.46594306632737
00471X0095/PZ2013,2021-11-16,62.07836193792686
00471X0095/PZ2013,2021-11-17,62.41284780724717
00471X0095/PZ2013,2021-11-18,62.6804973262458
00471X0095/PZ2013,2021-11-19,62.65057552247957
00471X0095/PZ2013,2021-11-20,62.657549929144906
00471X0095/PZ2013,2021-11-21,62.77546836311622
00471X0095/PZ2013,2021-11-22,62.42712784955864
00471X0095/PZ2013,2021-11-23,62.23142653027696
00471X0095/PZ2013,2021-11-24,61.97092128903426
00471X0095/PZ2013,2021-11-25,62.08797884198904
00471X0095/PZ2013,2021-11-26,62.69824302694437
00471X0095/PZ2013,2021-11-27,62.37569279552416
00471X0095/PZ2013,2021-11-28,62.2381425285678
00471X0095/PZ2013,2021-11-29,62.40319344510333
00471X0095/PZ2013,2021-11-30,62.47355386746392
00471X0095/PZ2013,2021-12-01,61.93952598125518
00471X0095/PZ2013,2021-12-02,62.70991004062952
00471X0095/PZ2013,2021-12-03,62.51584508943251
00471X0095/PZ2013,2021-12-04,62.74576947422754
00471X0095/PZ2013,2021-12-05,62.73563378883164
00471X0095/PZ2013,2021-12-06,62.58006631557086
00471X0095/PZ2013,2021-12-07,62.52310540865818
00471X0095/PZ2013,2021-12-08,62.15920355064632
00471X0095/PZ2013,2021-12-09,62.11032114700164
00471X0095/PZ2013,2021-12-10,62.380375055731214
00471X0095/PZ2013,2021-12-11,62.61339693574013
00471X0095/PZ2013,2021-12-12,62.54640053725138
00471X0095/PZ2013,2021-12-13,62.59903608351125
00471X0095/PZ2013,2021-12-14,62.37104799339877
00471X0095/PZ2013,2021-12-15,62.2029244663889
00471X0095/PZ2013,2021-12-16,62.44740354243677
00471X0095/PZ2013,2021-12-17,62.84164972089817
00471X0095/PZ2013,2021-12-18,62.82635935816048
00471X0095/PZ2013,2021-12-19,62.69706650265234
00471X0095/PZ2013,2021-12-20,62.437947865292486
00471X0095/PZ2013,2021-12-21,62.10567398737461
00471X0095/PZ2013,2021-12-22,62.34490670546125
00471X0095/PZ2013,2021-12-23,62.34107366973483
00471X0095/PZ2013,2021-12-24,62.590369383583386
00471X0095/PZ2013,2021-12-25,62.12948553979987
00471X0095/PZ2013,2021-12-26,62.56636988588828
00471X0095/PZ2013,2021-12-27,62.31783800257196
00471X0095/PZ2013,2021-12-28,62.64241070845698
00471X0095/PZ2013,2021-12-29,61.988140219088
00471X0095/PZ2013,2021-12-30,62.30630759300977
00471X0095/PZ2013,2021-12-31,62.872480603492285
00471X0095/PZ2013,2022-01-01,62.643617749298045
00471X0095/PZ2013,2022-01-02,62.47865956116046
00471X0095/PZ2013,2022-01-03,62.46814955689264
00471X0095/PZ2013,2022-01-04,62.41168503504806
00471X0095/PZ2013,2022-01-05,62.07847680064579
00471X0095/PZ2013,2022-01-06,62.02746622787931
00471X0095/PZ2013,2022-01-07,62.16614364256552
00471X0095/PZ2013,2022-01-08,62.54666261285066
00471X0095/PZ2013,2022-01-09,62.31991849777165
00471X0095/PZ2013,2022-01-10,62.14245572800419
00471X0095/PZ2013,2022-01-11,62.26975335128871
00471X0095/PZ2013,2022-01-12,62.01223729115665
00471X0095/PZ2013,2022-01-13,61.012286401403095
00471X0095/PZ2013,2022-01-14,61.276047057726686
00471X0095/PZ2013,2022-01-15,61.00366487055185
00487X0015/S1,2021-10-15,72.00152618882997
00487X0015/S1,2021-10-16,71.35856079096273
00487X0015/S1,2021-10-17,71.71565352553334
00487X0015/S1,2021-10-18,71.49916004052204
00487X0015/S1,2021-10-19,72.25464408621046
00487X0015/S1,2021-10-20,71.99457744632718
00487X0015/S1,2021-10-21,71.47930200101786
00487X0015/S1,2021-10-22,71.71370927436473
00487X0015/S1,2021-10-23,70.99833239268986
00487X0015/S1,2021-10-24,70.4112670093847
00487X0015/S1,2021-10-25,71.54110251059562
00487X0015/S1,2021-10-26,71.68390370840731
00487X0015/S1,2021-10-27,72.46547731413784
00487X0015/S1,2021-10-28,70.75484845539236
00487X0015/S1,2021-10-29,70.12812844929394
00487X0015/S1,2021-10-30,70.38597079321025
00487X0015/S1,2021-10-31,71.18515649312948
00487X0015/S1,2021-11-01,70.99837569138685
00487X0015/S1,2021-11-02,70.14645357525103
00487X0015/S1,2021-11-03,71.9515504137303
00487X0015/S1,2021-11-04,72.69478441999749
00487X0015/S1,2021-11-05,72.42730671926603
00487X0015/S1,2021-11-06,72.55047405308544
00487X0015/S1,2021-11-07,72.62299448200166
00487X0015/S1,2021-11-08,71.9743974600598
00487X0015/S1,2021-11-09,72.48212845659953
00487X0015/S1,2021-11-10,72.13316400484197
00487X0015/S1,2021-11-11,73.10944277223261
00487X0015/S1,2021-11-12,72.47889013308341
00487X0015/S1,2021-11-13,72.75624971385653
00487X0015/S1,2021-11-14,72.79263388829396
00487X0015/S1,2021-11-15,72.95221472792619
00487X0015/S1,2021-11-16,72.20915182134878
00487X0015/S1,2021-11-17,73.0892711663582
00487X0015/S1,2021-11-18,72.54661069192711
00487X0015/S1,2021-11-19,72.44309607798415
00487X0015/S1,2021-11-20,72.1766987495795
00487X0015/S1,2021-11-21,71.37124870591656
00487X0015/S1,2021-11-22,72.1040728673851
00487X0015/S1,2021-11-23,72.31034646317171
00487X0015/S1,2021-11-24,72.11847666779916
00487X0015/S1,2021-11-25,72.37338866764092
00487X0015/S1,2021-11-26,71.24214246694702
00487X0015/S1,2021-11-27,70.65631388997075
00487X0015/S1,2021-11-28,70.5462667597091
00487X0015/S1,2021-11-29,69.58083815693097
00487X0015/S1,2021-11-30,71.40271079621735
00487X0015/S1,2021-12-01,71.66337384073351
00487X0015/S1,2021-12-02,71.37629859104597
00487X0015/S1,2021-12-03,71.66484669479767
00487X0015/S1,2021-12-04,72.20345664596081
00487X0015/S1,2021-12-05,71.74999777264911
00487X0015/S1,2021-12-06,72.06760488901799
00487X0015/S1,2021-12-07,71.65392005909933
00487X0015/S1,2021-12-08,73.37399990601467
00487X0015/S1,2021-12-09,73.11533698195356
00487X0015/S1,2021-12-10,72.12835156418
00487X0015/S1,2021-12-11,71.28250942314259
00487X0015/S1,2021-12-12,72.78726904006216
00487X0015/S1,2021-12-13,71.83711614774981
00487X0015/S1,2021-12-14,72.0833474572087
00487X0015/S1,2021-12-15,72.37653131500399
00487X0015/S1,2021-12-16,72.83170816887417
00487X0015/S1,2021-12-17,72.83084429003237
00487X0015/S1,2021-12-18,71.49279583042879
00487X0015/S1,2021-12-19,72.04226397741436
00487X0015/S1,2021-12-20,72.97357495286992
00487X0015/S1,2021-12-21,72.35504538416573
00487X0015/S1,2021-12-22,73.16396979908008
00487X0015/S1,2021-12-23,72.48137072940199
00487X0015/S1,2021-12-24,70.74175897994215
00487X0015/S1,2021-12-25,70.4956093793147
00487X0015/S1,2021-12-26,71.31241904564601
00487X0015/S1,2021-12-27,71.29549693714502
00487X0015/S1,2021-12-28,72.10282279210068
00487X0015/S1,2021-12-29,71.51218945648932
00487X0015/S1,2021-12-30,71.35986883063185
00487X0015/S1,2021-12-31,70.13912911179683
00487X0015/S1,2022-01-01,69.32054803990188
00487X0015/S1,2022-01-02,69.84648718608017
00487X0015/S1,2022-01-03,70.3859037500665
00487X0015/S1,2022-01-04,71.3111326553254
00487X0015/S1,2022-01-05,72.87572338947521
00487X0015/S1,2022-01-06,72.55674887232037
00487X0015/S1,2022-01-07,73.26073819668365
00487X0015/S1,2022-01-08,71.97793747772279
00487X0015/S1,2022-01-09,72.72588266157024
00487X0015/S1,2022-01-10,72.65406339219902
00487X0015/S1,2022-01-11,72.47940552725096
00487X0015/S1,2022-01-12,72.77430736560471
00487X0015/S1,2022-01-13,72.87519332961998
00487X0015/S1,2022-01-14,72.4116325909512
00487X0015/S1,2022-01-15,70.92153936009203
00755X0006/S1,2021-10-15,29.223658449515867
00755X0006/S1,2021-10-16,30.31767002390762
00755X0006/S1,2021-10-17,28.785084194066688
00755X0006/S1,2021-10-18,30.916992753813663
00755X0006/S1,2021-10-19,30.08473395925402
00755X0006/S1,2021-10-20,30.09166078795768
00755X0006/S1,2021-10-21,29.638587761233204
00755X0006/S1,2021-10-22,29.80585416646225
00755X0006/S1,2021-10-23,30.064241819493127
00755X0006/S1,2021-10-24,30.02538131129934
00755X0006/S1,2021-10-25,30.611601930593764
00755X0006/S1,2021-10-26,31.17872435566526
00755X0006/S1,2021-10-27,29.78472885938649
00755X0006/S1,2021-10-28,29.63425224850429
00755X0006/S1,2021-10-29,30.07094600788881
00755X0006/S1,2021-10-30,29.59736020644807
00755X0006/S1,2021-10-31,29.39779575185901
00755X0006/S1,2021-11-01,29.25931293727484
00755X0006/S1,2021-11-02,30.113432837976845
00755X0006/S1,2021-11-03,29.392394280777538
00755X0006/S1,2021-11-04,30.54234776221086
00755X0006/S1,2021-11-05,29.60956089532497
00755X0006/S1,2021-11-06,30.34007035401538
00755X0006/S1,2021-11-07,30.266064172620112
00755X0006/S1,2021-11-08,29.697504359999336
00755X0006/S1,2021-11-09,29.829734783105465
00755X0006/S1,2021-11-10,30.25721177676506
00755X0006/S1,2021-11-11,29.633332906939906
00755X0006/S1,2021-11-12,29.735152836077525
00755X0006/S1,2021-11-13,29.94145623267132
00755X0006/S1,2021-11-14,29.31152046041902
00755X0006/S1,2021-11-15,29.620800429701607
00755X0006/S1,2021-11-16,29.559799700442788
00755X0006/S1,2021-11-17,30.96102557647925
00755X0006/S1,2021-11-18,29.92326923463565
00755X0006/S1,2021-11-19,29.84451429837886
00755X0006/S1,2021-11-20,30.83877106824573
00755X0006/S1,2021-11-21,29.82877797280632
00755X0006/S1,2021-11-22,29.81415864994964
00755X0006/S1,2021-11-23,31.06985758926773
00755X0006/S1,2021-11-24,29.68569193409853
00755X0006/S1,2021-11-25,29.297823737277568
00755X0006/S1,2021-11-26,29.407742343373982
00755X0006/S1,2021-11-27,31.38606221515341
00755X0006/S1,2021-11-28,29.644157027083367
00755X0006/S1,2021-11-29,29.7560973157812
00755X0006/S1,2021-11-30,29.48235399780191
00755X0006/S1,2021-12-01,29.51137869160957
00755X0006/S1,2021-12-02,29.843643829077205
00755X0006/S1,2021-12-03,29.774435274806173
00755X0006/S1,2021-12-04,30.50117776809072
00755X0006/S1,2021-12-05,30.12098468861825
00755X0006/S1,2021-12-06,29.540017837566843
00755X0006/S1,2021-12-07,29.788474103786704
00755X0006/S1,2021-12-08,30.574396020005818
00755X0006/S1,2021-12-09,29.603299272419527
00755X0006/S1,2021-12-10,30.090901638810006
00755X0006/S1,2021-12-11,30.452763818584334
00755X0006/S1,2021-12-12,30.057734206198624
00755X0006/S1,2021-12-13,29.54017259973214
00755X0006/S1,2021-12-14,30.20577426327138
00755X0006/S1,2021-12-15,29.22719951646292
00755X0006/S1,2021-12-16,30.44993465759765
00755X0006/S1,2021-12-17,30.595344843910624
00755X0006/S1,2021-12-18,31.46861506924913
00755X0006/S1,2021-12-19,29.655985743738416
00755X0006/S1,2021-12-20,30.26318451029528
00755X0006/S1,2021-12-21,30.449903162139456
00755X0006/S1,2021-12-22,29.72787901430852
00755X0006/S1,2021-12-23,29.737516624518022
00755X0006/S1,2021-12-24,30.264360159726408
00755X0006/S1,2021-12-25,30.7856773280708
00755X0006/S1,2021-12-26,30.076421330389515
00755X0006/S1,2021-12-27,30.55755246616997
00755X0006/S1,2021-12-28,30.40833567361581
00755X0006/S1,2021-12-29,29.54696312912531
00755X0006/S1,2021-12-30,29.37055923984197
00755X0006/S1,2021-12-31,29.941786391957287
00755X0006/S1,2022-01-01,30.55196256536443
00755X0006/S1,2022-01-02,29.687640308305863
00755X0006/S1,2022-01-03,29.86242598266784
00755X0006/S1,2022-01-04,30.8832469994267
00755X0006/S1,2022-01-05,29.292768173211165
00755X0006/S1,2022-01-06,29.59537870770712
00755X0006/S1,2022-01-07,29.78181227135205
00755X0006/S1,2022-01-08,30.083291684478468
00755X0006/S1,2022-01-09,30.10320767456434
00755X0006/S1,2022-01-10,29.44014030936
00755X0006/S1,2022-01-11,29.8615006678269
00755X0006/S1,2022-01-12,29.51761859350936
00755X0006/S1,2022-01-13,30.01973167772825
00755X0006/S1,2022-01-14,29.918392325840767
00755X0006/S1,2022-01-15,30.228018202138426
00762X0004/S1,2021-10-15,123.42265964806305
00762X0004/S1,2021-10-16,123.60831876876478
00762X0004/S1,2021-10-17,123.5257602884973
00762X0004/S1,2021-10-18,123.71242980979594
00762X0004/S1,2021-10-19,123.77167482117288
00762X0004/S1,2021-10-20,122.94246344942653
00762X0004/S1,2021-10-21,123.15815082723752
00762X0004/S1,2021-10-22,123.20185131604572
00762X0004/S1,2021-10-23,123.41104004119876
00762X0004/S1,2021-10-24,123.22849433335988
00762X0004/S1,2021-10-25,123.7304433165004
00762X0004/S1,2021-10-26,123.65249528620063
00762X0004/S1,2021-10-27,123.12926026528854
00762X0004/S1,2021-10-28,123.83151785180074
00762X0004/S1,2021-10-29,123.6172121503965
00762X0004/S1,2021-10-30,124.2543426559152
00762X0004/S1,2021-10-31,123.94288203097496
00762X0004/S1,2021-11-01,123.67950825333963
00762X0004/S1,2021-11-02,123.4775541025392
00762X0004/S1,2021-11-03,122.8042069677515
00762X0004/S1,2021-11-04,123.49766133961438
00762X0004/S1,2021-11-05,123.86363718731069
00762X0004/S1,2021-11-06,123.90357055263358
00762X0004/S1,2021-11-07,123.38431879076752
00762X0004/S1,2021-11-08,123.58873264380846
00762X0004/S1,2021-11-09,123.59755044429316
00762X0004/S1,2021-11-10,122.17455899578698
00762X0004/S1,2021-11-11,122.9641631945291
00762X0004/S1,2021-11-12,123.3004674750906
00762X0004/S1,2021-11-13,123.77673875802267
00762X0004/S1,2021-11-14,123.48828529942982
00762X0004/S1,2021-11-15,124.04301909485532
00762X0004/S1,2021-11-16,123.51311569520074
00762X0004/S1,2021-11-17,122.72362287920156
00762X0004/S1,2021-11-18,122.9519681101595
00762X0004/S1,2021-11-19,123.40811359222586
00762X0004/S1,2021-11-20,123.42573062940478
00762X0004/S1,2021-11-21,122.78746905865098
00762X0004/S1,2021-11-22,122.74347685313504
00762X0004/S1,2021-11-23,122.94730594677542
00762X0004/S1,2021-11-24,122.45182909659216
00762X0004/S1,2021-11-25,123.03065338813887
00762X0004/S1,2021-11-26,122.91921362781768
00762X0004/S1,2021-11-27,123.80228253374256
00762X0004/S1,2021-11-28,123.33153795643764
00762X0004/S1,2021-11-29,123.63013387456544
00762X0004/S1,2021-11-30,122.96147011892242
00762X0004/S1,2021-12-01,123.0602135725307
00762X0004/S1,2021-12-02,123.30555130171594
00762X0004/S1,2021-12-03,123.43169623607857
00762X0004/S1,2021-12-04,123.806694085955
00762X0004/S1,2021-12-05,122.93263524834492
00762X0004/S1,2021-12-06,122.99305110450804
00762X0004/S1,2021-12-07,122.69730075026597
00762X0004/S1,2021-12-08,122.46839330165304
00762X0004/S1,2021-12-09,122.45998920849937
00762X0004/S1,2021-12-10,123.27772152779518
00762X0004/S1,2021-12-11,123.38213887136948
00762X0004/S1,2021-12-12,123.32971472701408
00762X0004/S1,2021-12-13,123.10734305864015
00762X0004/S1,2021-12-14,122.589252859665
00762X0004/S1,2021-12-15,122.31323714070322
00762X0004/S1,2021-12-16,122.52427031104034
00762X0004/S1,2021-12-17,122.66642386273408
00762X0004/S1,2021-12-18,123.10708979549842
00762X0004/S1,2021-12-19,122.80466708455874
00762X0004/S1,2021-12-20,122.3855576905132
00762X0004/S1,2021-12-21,121.7916847948009
00762X0004/S1,2021-12-22,122.05141476555922
00762X0004/S1,2021-12-23,122.16572528348183
00762X0004/S1,2021-12-24,122.0110796267706
00762X0004/S1,2021-12-25,122.64774736351195
00762X0004/S1,2021-12-26,122.542741282582
00762X0004/S1,2021-12-27,122.52391096909578
00762X0004/S1,2021-12-28,122.28203406085268
00762X0004/S1,2021-12-29,121.49071668944497
00762X0004/S1,2021-12-30,122.11761854640136
00762X0004/S1,2021-12-31,122.76083532323209
00762X0004/S1,2022-01-01,123.40975516169956
00762X0004/S1,2022-01-02,122.72694314572996
00762X0004/S1,2022-01-03,122.14328829069964
00762X0004/S1,2022-01-04,122.65854485965436
00762X0004/S1,2022-01-05,122.42155951020646
00762X0004/S1,2022-01-06,121.76938305249227
00762X0004/S1,2022-01-07,122.26847851583686
00762X0004/S1,2022-01-08,122.77820572719442
00762X0004/S1,2022-01-09,122.93961788554076
00762X0004/S1,2022-01-10,122.85750228427509
00762X0004/S1,2022-01-11,122.43809719556666
00762X0004/S1,2022-01-12,121.65827346244484
00762X0004/S1,2022-01-13,122.07388358198229
00762X0004/S1,2022-01-14,123.12169817263226
00762X0004/S1,2022-01-15,123.44551300014632
00766X0004/S1,2021-10-15,57.06185918984546
00766X0004/S1,2021-10-16,54.35713625362706
00766X0004/S1,2021-10-17,52.96970167619666
00766X0004/S1,2021-10-18,51.78850268305104
00766X0004/S1,2021-10-19,54.64866701992917
00766X0004/S1,2021-10-20,55.91867474937618
00766X0004/S1,2021-10-21,56.89857079892951
00766X0004/S1,2021-10-22,57.25926612476471
00766X0004/S1,2021-10-23,56.51257772518366
00766X0004/S1,2021-10-24,54.88621203251004
00766X0004/S1,2021-10-25,54.547462677722656
00766X0004/S1,2021-10-26,57.12387805639003
00766X0004/S1,2021-10-27,60.05717128494831
00766X0004/S1,2021-10-28,59.80846912759462
00766X0004/S1,2021-10-29,59.50006481919435
00766X0004/S1,2021-10-30,56.70348372081739
00766X0004/S1,2021-10-31,53.01906734948582
00766X0004/S1,2021-11-01,52.86342254905864
00766X0004/S1,2021-11-02,57.95715350137628
00766X0004/S1,2021-11-03,58.70261993169805
00766X0004/S1,2021-11-04,62.0260480501162
00766X0004/S1,2021-11-05,60.91047807305556
00766X0004/S1,2021-11-06,58.39123452091461
00766X0004/S1,2021-11-07,55.07312542421437
00766X0004/S1,2021-11-08,56.82965047618282
00766X0004/S1,2021-11-09,59.323179271623474
00766X0004/S1,2021-11-10,60.72954808995432
00766X0004/S1,2021-11-11,59.01889479017317
00766X0004/S1,2021-11-12,59.98277251904436
00766X0004/S1,2021-11-13,55.77217744119322
00766X0004/S1,2021-11-14,56.41857797551222
00766X0004/S1,2021-11-15,53.81993155199168
00766X0004/S1,2021-11-16,58.341853141079696
00766X0004/S1,2021-11-17,58.791713741804784
00766X0004/S1,2021-11-18,58.92941931100473
00766X0004/S1,2021-11-19,58.56717296377681
00766X0004/S1,2021-11-20,55.77762996855
00766X0004/S1,2021-11-21,53.28318155485574
00766X0004/S1,2021-11-22,54.645217077155394
00766X0004/S1,2021-11-23,58.100259766332016
00766X0004/S1,2021-11-24,59.403037632829786
00766X0004/S1,2021-11-25,59.05261360258716
00766X0004/S1,2021-11-26,60.187223054404754
00766X0004/S1,2021-11-27,58.9594973461141
00766X0004/S1,2021-11-28,55.36830089445753
00766X0004/S1,2021-11-29,54.45159856107081
00766X0004/S1,2021-11-30,57.49886005623854
00766X0004/S1,2021-12-01,58.76346237796602
00766X0004/S1,2021-12-02,60.76828514373512
00766X0004/S1,2021-12-03,60.73385011283497
00766X0004/S1,2021-12-04,57.07337837049779
00766X0004/S1,2021-12-05,56.59852080221314
00766X0004/S1,2021-12-06,56.08984232896712
00766X0004/S1,2021-12-07,59.89592317432516
00766X0004/S1,2021-12-08,59.48079602886945
00766X0004/S1,2021-12-09,59.56625377363528
00766X0004/S1,2021-12-10,59.82878397386641
00766X0004/S1,2021-12-11,57.38685196653856
00766X0004/S1,2021-12-12,55.74595300708337
00766X0004/S1,2021-12-13,58.51551884677202
00766X0004/S1,2021-12-14,60.09751825966839
00766X0004/S1,2021-12-15,59.06350766271868
00766X0004/S1,2021-12-16,58.1951893435118
00766X0004/S1,2021-12-17,59.83537915242642
00766X0004/S1,2021-12-18,54.3466387837757
00766X0004/S1,2021-12-19,54.08311121788952
00766X0004/S1,2021-12-20,54.10797860644666
00766X0004/S1,2021-12-21,56.2861466643748
00766X0004/S1,2021-12-22,57.30945246506926
00766X0004/S1,2021-12-23,56.487793581319
00766X0004/S1,2021-12-24,58.81742221588678
00766X0004/S1,2021-12-25,57.14404054916805
00766X0004/S1,2021-12-26,54.77425734506561
00766X0004/S1,2021-12-27,55.36920087952896
00766X0004/S1,2021-12-28,57.60944042092993
00766X0004/S1,2021-12-29,56.99563960764031
00766X0004/S1,2021-12-30,56.77885864853964
00766X0004/S1,2021-12-31,58.31793364255852
00766X0004/S1,2022-01-01,54.41030997893308
00766X0004/S1,2022-01-02,54.62975241221091
00766X0004/S1,2022-01-03,55.82012324274668
00766X0004/S1,2022-01-04,58.88103843813403
00766X0004/S1,2022-01-05,58.54990361672577
00766X0004/S1,2022-01-06,58.06536924560515
00766X0004/S1,2022-01-07,60.6182122404124
00766X0004/S1,2022-01-08,57.99041525330897
00766X0004/S1,2022-01-09,54.98310492790844
00766X0004/S1,2022-01-10,55.32434298486976
00766X0004/S1,2022-01-11,59.83586919665379
00766X0004/S1,2022-01-12,56.89307193726278
00766X0004/S1,2022-01-13,57.873785512522346
00766X0004/S1,2022-01-14,57.25443871792875
00766X0004/S1,2022-01-15,53.9831531900882
01258X0020/S1,2021-10-15,44.86018173156521
01258X0020/S1,2021-10-16,45.80282160182744
01258X0020/S1,2021-10-17,45.50994816693445
01258X0020/S1,2021-10-18,44.97589584194686
01258X0020/S1,2021-10-19,45.39172716377223
01258X0020/S1,2021-10-20,45.52706982059983
01258X0020/S1,2021-10-21,45.47332003489804
01258X0020/S1,2021-10-22,45.6725839603854
01258X0020/S1,2021-10-23,45.24687476144539
01258X0020/S1,2021-10-24,45.94014047654152
01258X0020/S1,2021-10-25,45.17285460820904
01258X0020/S1,2021-10-26,45.16256041471259
01258X0020/S1,2021-10-27,45.95838065925122
01258X0020/S1,2021-10-28,45.44092959245175
01258X0020/S1,2021-10-29,45.97911617039757
01258X0020/S1,2021-10-30,45.85118111832651
01258X0020/S1,2021-10-31,45.574891595105726
01258X0020/S1,2021-11-01,45.19516993723016
01258X0020/S1,2021-11-02,45.60432991752978
01258X0020/S1,2021-11-03,45.724867001797584
01258X0020/S1,2021-11-04,45.87089703981555
01258X0020/S1,2021-11-05,45.65395958447149
01258X0020/S1,2021-11-06,45.50919969689617
01258X0020/S1,2021-11-07,45.716906878386176
01258X0020/S1,2021-11-08,45.52194681623481
01258X0020/S1,2021-11-09,45.64541674661827
01258X0020/S1,2021-11-10,46.04755717014686
01258X0020/S1,2021-11-11,45.82463452435078
01258X0020/S1,2021-11-12,45.71519599794674
01258X0020/S1,2021-11-13,45.18774627088482
01258X0020/S1,2021-11-14,45.44057238271674
01258X0020/S1,2021-11-15,45.59242956515291
01258X0020/S1,2021-11-16,45.91418173671602
01258X0020/S1,2021-11-17,45.123844276131614
01258X0020/S1,2021-11-18,45.958636359744986
01258X0020/S1,2021-11-19,45.33113578370337
01258X0020/S1,2021-11-20,45.25217829806857
01258X0020/S1,2021-11-21,45.53845106242655
01258X0020/S1,2021-11-22,45.86881610037007
01258X0020/S1,2021-11-23,45.37492481449228
01258X0020/S1,2021-11-24,45.72163284027595
01258X0020/S1,2021-11-25,45.81834801849278
01258X0020/S1,2021-11-26,45.94013726422376
01258X0020/S1,2021-11-27,45.30807519696172
01258X0020/S1,2021-11-28,46.149866920976
01258X0020/S1,2021-11-29,45.585875151993655
01258X0020/S1,2021-11-30,45.40973156235829
01258X0020/S1,2021-12-01,45.761257422319694
01258X0020/S1,2021-12-02,46.08447312585465
01258X0020/S1,2021-12-03,45.964126853261845
01258X0020/S1,2021-12-04,45.747610854008016
01258X0020/S1,2021-12-05,45.75800848413636
01258X0020/S1,2021-12-06,45.367872492080096
01258X0020/S1,2021-12-07,45.90030131167135
01258X0020/S1,2021-12-08,45.54063672343104
01258X0020/S1,2021-12-09,45.52624361247173
01258X0020/S1,2021-12-10,45.46318517236253
01258X0020/S1,2021-12-11,45.41216714168458
01258X0020/S1,2021-12-12,45.82449832207772
01258X0020/S1,2021-12-13,45.04459511204413
01258X0020/S1,2021-12-14,45.60536428384879
01258X0020/S1,2021-12-15,45.0807227649734
01258X0020/S1,2021-12-16,45.09139215718432
01258X0020/S1,2021-12-17,45.27843578344583
01258X0020/S1,2021-12-18,45.55983224944282
01258X0020/S1,2021-12-19,45.32084801484244
01258X0020/S1,2021-12-20,45.403091059083046
01258X0020/S1,2021-12-21,45.69444506767515
01258X0020/S1,2021-12-22,45.19366207527322
01258X0020/S1,2021-12-23,45.678235069790304
01258X0020/S1,2021-12-24,45.93820537632237
01258X0020/S1,2021-12-25,45.29608618461464
01258X0020/S1,2021-12-26,46.37652549232797
01258X0020/S1,2021-12-27,45.91921736603794
01258X0020/S1,2021-12-28,46.26610399668911
01258X0020/S1,2021-12-29,45.68624916014009
01258X0020/S1,2021-12-30,45.49276226691386
01258X0020/S1,2021-12-31,45.7821304206662
01258X0020/S1,2022-01-01,45.917212237291615
01258X0020/S1,2022-01-02,45.85306032421661
01258X0020/S1,2022-01-03,45.798359049994055
01258X0020/S1,2022-01-04,46.26533818013492
01258X0020/S1,2022-01-05,45.19025830337381
01258X0020/S1,2022-01-06,45.83361423741948
01258X0020/S1,2022-01-07,45.77030330913427
01258X0020/S1,2022-01-08,45.43926111460676
01258X0020/S1,2022-01-09,46.0698455156988
01258X0020/S1,2022-01-10,45.41045047907317
01258X0020/S1,2022-01-11,46.01398844954589
01258X0020/S1,2022-01-12,45.718818207453886
01258X0020/S1,2022-01-13,44.60225702898326
01258X0020/S1,2022-01-14,44.54170740904529
01258X0020/S1,2022-01-15,44.35582471442255
01516X0004/S1,2021-10-15,35.42377539676951
01516X0004/S1,2021-10-16,35.39916712032819
01516X0004/S1,2021-10-17,35.44683584958079
01516X0004/S1,2021-10-18,35.45083764372285
01516X0004/S1,2021-10-19,35.429111295228715
01516X0004/S1,2021-10-20,35.44915734271369
01516X0004/S1,2021-10-21,35.43180631705934
01516X0004/S1,2021-10-22,35.42837641577812
01516X0004/S1,2021-10-23,35.43326581238217
01516X0004/S1,2021-10-24,35.4283346053703
01516X0004/S1,2021-10-25,35.40750263000203
01516X0004/S1,2021-10-26,35.44401905232324
01516X0004/S1,2021-10-27,35.504089299115904
01516X0004/S1,2021-10-28,35.450288813750014
01516X0004/S1,2021-10-29,35.42383596877337
01516X0004/S1,2021-10-30,35.45150068415752
01516X0004/S1,2021-10-31,35.42455146727405
01516X0004/S1,2021-11-01,35.46658519640002
01516X0004/S1,2021-11-02,35.500292239633865
01516X0004/S1,2021-11-03,35.48246690957056
01516X0004/S1,2021-11-04,35.4819970944717
01516X0004/S1,2021-11-05,35.42047919950981
01516X0004/S1,2021-11-06,35.503830881758354
01516X0004/S1,2021-11-07,35.47438048773393
01516X0004/S1,2021-11-08,35.45564487338414
01516X0004/S1,2021-11-09,35.44720299772716
01516X0004/S1,2021-11-10,35.432219876527974
01516X0004/S1,2021-11-11,35.39996204895146
01516X0004/S1,2021-11-12,35.45295456306686
01516X0004/S1,2021-11-13,35.4557341950706
01516X0004/S1,2021-11-14,35.48025330064215
01516X0004/S1,2021-11-15,35.469394076284146
01516X0004/S1,2021-11-16,35.40774994524042
01516X0004/S1,2021-11-17,35.43537590274652
01516X0004/S1,2021-11-18,35.451498822074136
01516X0004/S1,2021-11-19,35.38993210372842
01516X0004/S1,2021-11-20,35.380748919808134
01516X0004/S1,2021-11-21,35.35344609610604
01516X0004/S1,2021-11-22,35.32057789529336
01516X0004/S1,2021-11-23,35.3854942884856
01516X0004/S1,2021-11-24,35.403321376066046
01516X0004/S1,2021-11-25,35.43271254035513
01516X0004/S1,2021-11-26,35.42255979012991
01516X0004/S1,2021-11-27,35.39389061951356
01516X0004/S1,2021-11-28,35.42777336217856
01516X0004/S1,2021-11-29,35.47460243133219
01516X0004/S1,2021-11-30,35.44017565994362
01516X0004/S1,2021-12-01,35.37807886919934
01516X0004/S1,2021-12-02,35.399800405635666
01516X0004/S1,2021-12-03,35.392489142365335
01516X0004/S1,2021-12-04,35.43842358828876
01516X0004/S1,2021-12-05,35.46145172510549
01516X0004/S1,2021-12-06,35.50571977833476
01516X0004/S1,2021-12-07,35.493051795858655
01516X0004/S1,2021-12-08,35.42751023732944
01516X0004/S1,2021-12-09,35.345671322879866
01516X0004/S1,2021-12-10,35.39841837780759
01516X0004/S1,2021-12-11,35.440525084112764
01516X0004/S1,2021-12-12,35.47060331406067
01516X0004/S1,2021-12-13,35.51848246564765
01516X0004/S1,2021-12-14,35.45276056856595
01516X0004/S1,2021-12-15,35.44037597265834
01516X0004/S1,2021-12-16,35.47041631833387
01516X0004/S1,2021-12-17,35.468088979546124
01516X0004/S1,2021-12-18,35.4416053378017
01516X0004/S1,2021-12-19,35.43011641003257
01516X0004/S1,2021-12-20,35.38406437736439
01516X0004/S1,2021-12-21,35.36831997575056
01516X0004/S1,2021-12-22,35.429761363417285
01516X0004/S1,2021-12-23,35.44678571811355
01516X0004/S1,2021-12-24,35.44644516196569
01516X0004/S1,2021-12-25,35.41275076521389
01516X0004/S1,2021-12-26,35.424069264092395
01516X0004/S1,2021-12-27,35.44797838050761
01516X0004/S1,2021-12-28,35.47002065703574
01516X0004/S1,2021-12-29,35.417685085082205
01516X0004/S1,2021-12-30,35.42160196741778
01516X0004/S1,2021-12-31,35.45563185589304
01516X0004/S1,2022-01-01,35.442381959289875
01516X0004/S1,2022-01-02,35.46534439080539
01516X0004/S1,2022-01-03,35.53271909048946
01516X0004/S1,2022-01-04,35.5659179418099
01516X0004/S1,2022-01-05,35.55126986088955
01516X0004/S1,2022-01-06,35.54407211633517
01516X0004/S1,2022-01-07,35.54074345930235
01516X0004/S1,2022-01-08,35.50231546159657
01516X0004/S1,2022-01-09,35.522599934178864
01516X0004/S1,2022-01-10,35.567556526923035
01516X0004/S1,2022-01-11,35.50927740727488
01516X0004/S1,2022-01-12,35.469894681112685
01516X0004/S1,2022-01-13,35.41238989506354
01516X0004/S1,2022-01-14,35.43487005150812
01516X0004/S1,2022-01-15,35.43261983836397
01584X0023/LV3,2021-10-15,93.3607875288171
01584X0023/LV3,2021-10-16,92.81569191203532
01584X0023/LV3,2021-10-17,92.5114062999962
01584X0023/LV3,2021-10-18,92.41760066444796
01584X0023/LV3,2021-10-19,92.26155334863007
01584X0023/LV3,2021-10-20,92.56154116848444
01584X0023/LV3,2021-10-21,92.62391988883684
01584X0023/LV3,2021-10-22,91.57961669689684
01584X0023/LV3,2021-10-23,92.87255193764676
01584X0023/LV3,2021-10-24,92.19548672108968
01584X0023/LV3,2021-10-25,93.47127383048183
01584X0023/LV3,2021-10-26,92.63977463362762
01584X0023/LV3,2021-10-27,93.4150701249366
01584X0023/LV3,2021-10-28,93.44601796612382
01584X0023/LV3,2021-10-29,92.18615666982984
01584X0023/LV3,2021-10-30,92.51707137846203
01584X0023/LV3,2021-10-31,92.5377649972523
01584X0023/LV3,2021-11-01,92.26536045803893
01584X0023/LV3,2021-11-02,93.0973693080938
01584X0023/LV3,2021-11-03,92.49498867155938
01584X0023/LV3,2021-11-04,93.07595821085332
01584X0023/LV3,2021-11-05,94.098430974225
01584X0023/LV3,2021-11-06,93.97791299872752
01584X0023/LV3,2021-11-07,93.60773092668886
01584X0023/LV3,2021-11-08,94.12031265125408
01584X0023/LV3,2021-11-09,93.1376098259728
01584X0023/LV3,2021-11-10,93.8036393518919
01584X0023/LV3,2021-11-11,94.17397828386012
01584X0023/LV3,2021-11-12,93.40452766534057
01584X0023/LV3,2021-11-13,93.33695048234154
01584X0023/LV3,2021-11-14,94.140489538327
01584X0023/LV3,2021-11-15,93.94538806402495
01584X0023/LV3,2021-11-16,94.20445016558608
01584X0023/LV3,2021-11-17,94.12297049269544
01584X0023/LV3,2021-11-18,94.5993150252727
01584X0023/LV3,2021-11-19,94.6181484098806
01584X0023/LV3,2021-11-20,94.42305288153256
01584X0023/LV3,2021-11-21,94.3368362652826
01584X0023/LV3,2021-11-22,94.71405947942884
01584X0023/LV3,2021-11-23,94.26323837913996
01584X0023/LV3,2021-11-24,94.6086292206552
01584X0023/LV3,2021-11-25,94.35159950280196
01584X0023/LV3,2021-11-26,94.84340889547153
01584X0023/LV3,2021-11-27,94.68623751120558
01584X0023/LV3,2021-11-28,94.72846001375378
01584X0023/LV3,2021-11-29,94.57496153022048
01584X0023/LV3,2021-11-30,94.58980546283
01584X0023/LV3,2021-12-01,94.36700150566617
01584X0023/LV3,2021-12-02,94.45528844647345
01584X0023/LV3,2021-12-03,94.86124845633812
01584X0023/LV3,2021-12-04,94.3587759861484
01584X0023/LV3,2021-12-05,94.88738120734192
01584X0023/LV3,2021-12-06,95.28560553104282
01584X0023/LV3,2021-12-07,94.78207043392976
01584X0023/LV3,2021-12-08,95.27772176231016
01584X0023/LV3,2021-12-09,95.1699136882148
01584X0023/LV3,2021-12-10,94.43816240008772
01584X0023/LV3,2021-12-11,94.93873103243236
01584X0023/LV3,2021-12-12,95.17128805301256
01584X0023/LV3,2021-12-13,95.68496921278782
01584X0023/LV3,2021-12-14,95.29424811676311
01584X0023/LV3,2021-12-15,94.70106502165638
01584X0023/LV3,2021-12-16,95.61915316473772
01584X0023/LV3,2021-12-17,95.03591680126358
01584X0023/LV3,2021-12-18,96.0025896176812
01584X0023/LV3,2021-12-19,95.70010138259634
01584X0023/LV3,2021-12-20,94.94459657449048
01584X0023/LV3,2021-12-21,95.51092774129916
01584X0023/LV3,2021-12-22,95.67356657184536
01584X0023/LV3,2021-12-23,95.54485931883552
01584X0023/LV3,2021-12-24,95.89688811014852
01584X0023/LV3,2021-12-25,95.69437118177709
01584X0023/LV3,2021-12-26,95.44369145966326
01584X0023/LV3,2021-12-27,96.1458174566588
01584X0023/LV3,2021-12-28,95.58011995866288
01584X0023/LV3,2021-12-29,94.93713128766368
01584X0023/LV3,2021-12-30,96.22602611109514
01584X0023/LV3,2021-12-31,95.10531741015824
01584X0023/LV3,2022-01-01,95.5382366586338
01584X0023/LV3,2022-01-02,95.72798734061035
01584X0023/LV3,2022-01-03,95.49102465125128
01584X0023/LV3,2022-01-04,95.50548407883494
01584X0023/LV3,2022-01-05,95.33460981884762
01584X0023/LV3,2022-01-06,96.20841079763682
01584X0023/LV3,2022-01-07,95.8821800850592
01584X0023/LV3,2022-01-08,96.3806497956392
01584X0023/LV3,2022-01-09,95.36151667643507
01584X0023/LV3,2022-01-10,96.0746155068405
01584X0023/LV3,2022-01-11,95.74636486874434
01584X0023/LV3,2022-01-12,95.57525107175272
01584X0023/LV3,2022-01-13,95.84519625113232
01584X0023/LV3,2022-01-14,95.02794299379882
01584X0023/LV3,2022-01-15,94.76585157024118
02206X0022/S1,2021-10-15,51.04951158079128
02206X0022/S1,2021-10-16,51.10021950381911
02206X0022/S1,2021-10-17,50.97461012801635
02206X0022/S1,2021-10-18,51.07223627898112
02206X0022/S1,2021-10-19,51.03834781704159
02206X0022/S1,2021-10-20,51.14857563048592
02206X0022/S1,2021-10-21,51.21180977412583
02206X0022/S1,2021-10-22,51.01546005474482
02206X0022/S1,2021-10-23,51.10206589367386
02206X0022/S1,2021-10-24,51.05360460536426
02206X0022/S1,2021-10-25,51.16524469389096
02206X0022/S1,2021-10-26,51.10093704072617
02206X0022/S1,2021-10-27,51.02533943316378
02206X0022/S1,2021-10-28,51.074653476295865
02206X0022/S1,2021-10-29,51.07858986344524
02206X0022/S1,2021-10-30,50.989114308933885
02206X0022/S1,2021-10-31,51.1196317348898
02206X0022/S1,2021-11-01,51.03688247508615
02206X0022/S1,2021-11-02,51.042815483602006
02206X0022/S1,2021-11-03,51.113536439118846
02206X0022/S1,2021-11-04,51.10381409278085
02206X0022/S1,2021-11-05,50.95341001192678
02206X0022/S1,2021-11-06,51.01482783029317
02206X0022/S1,2021-11-07,51.011188331402565
02206X0022/S1,2021-11-08,51.0081477582693
02206X0022/S1,2021-11-09,50.87462919375759
02206X0022/S1,2021-11-10,51.01461594084107
02206X0022/S1,2021-11-11,50.92239666614378
02206X0022/S1,2021-11-12,50.97759550312687
02206X0022/S1,2021-11-13,50.894201373219325
02206X0022/S1,2021-11-14,51.06040137756544
02206X0022/S1,2021-11-15,50.91573447625199
02206X0022/S1,2021-11-16,50.81025265419157
02206X0022/S1,2021-11-17,50.77185575135632
02206X0022/S1,2021-11-18,50.893327801260384
02206X0022/S1,2021-11-19,50.93250342535425
02206X0022/S1,2021-11-20,50.90436707346589
02206X0022/S1,2021-11-21,50.84273203985038
02206X0022/S1,2021-11-22,50.95713796183727
02206X0022/S1,2021-11-23,50.913668897861385
02206X0022/S1,2021-11-24,50.84883148160062
02206X0022/S1,2021-11-25,50.67563348796674
02206X0022/S1,2021-11-26,50.83952840261019
02206X0022/S1,2021-11-27,50.91921359262848
02206X0022/S1,2021-11-28,50.85073886470967
02206X0022/S1,2021-11-29,50.773698211254754
02206X0022/S1,2021-11-30,50.86504269263248
02206X0022/S1,2021-12-01,50.67878532954594
02206X0022/S1,2021-12-02,50.751556488434034
02206X0022/S1,2021-12-03,50.78744051239664
02206X0022/S1,2021-12-04,50.74570568912055
02206X0022/S1,2021-12-05,50.75607872987401
02206X0022/S1,2021-12-06,50.72664521821977
02206X0022/S1,2021-12-07,50.7114240404526
02206X0022/S1,2021-12-08,50.80001838326965
02206X0022/S1,2021-12-09,50.77803540409648
02206X0022/S1,2021-12-10,50.64712902463146
02206X0022/S1,2021-12-11,50.76216756988164
02206X0022/S1,2021-12-12,50.69791961383334
02206X0022/S1,2021-12-13,50.78030642033014
02206X0022/S1,2021-12-14,50.61235228455399
02206X0022/S1,2021-12-15,50.6036949148336
02206X0022/S1,2021-12-16,50.66126470359902
02206X0022/S1,2021-12-17,50.56861560966299
02206X0022/S1,2021-12-18,50.69628860718677
02206X0022/S1,2021-12-19,50.58784407996467
02206X0022/S1,2021-12-20,50.76761654985654
02206X0022/S1,2021-12-21,50.69121499204539
02206X0022/S1,2021-12-22,50.58434756543063
02206X0022/S1,2021-12-23,50.5781857595111
02206X0022/S1,2021-12-24,50.65491429301082
02206X0022/S1,2021-12-25,50.68161542983926
02206X0022/S1,2021-12-26,50.60977194004656
02206X0022/S1,2021-12-27,50.53705192875056
02206X0022/S1,2021-12-28,50.58922473260788
02206X0022/S1,2021-12-29,50.74845300276548
02206X0022/S1,2021-12-30,50.45145824466904
02206X0022/S1,2021-12-31,50.68221378022773
02206X0022/S1,2022-01-01,50.59588129759391
02206X0022/S1,2022-01-02,50.40753093781691
02206X0022/S1,2022-01-03,50.701211338593225
02206X0022/S1,2022-01-04,50.35297922256172
02206X0022/S1,2022-01-05,50.438902059178645
02206X0022/S1,2022-01-06,50.49069207033577
02206X0022/S1,2022-01-07,50.48507374497071
02206X0022/S1,2022-01-08,50.49338797051419
02206X0022/S1,2022-01-09,50.48434136063885
02206X0022/S1,2022-01-10,50.40656794065759
02206X0022/S1,2022-01-11,50.34111929571599
02206X0022/S1,2022-01-12,50.54552754006867
02206X0022/S1,2022-01-13,51.09290297204712
02206X0022/S1,2022-01-14,51.05021751269521
02206X0022/S1,2022-01-15,51.03636321402987
02267X0030/S1,2021-10-15,134.64031106649225
02267X0030/S1,2021-10-16,134.8940488105154
02267X0030/S1,2021-10-17,134.7440461413544
02267X0030/S1,2021-10-18,134.66994689804665
02267X0030/S1,2021-10-19,134.63559624296528
02267X0030/S1,2021-10-20,134.76596693571062
02267X0030/S1,2021-10-21,134.63792701863946
02267X0030/S1,2021-10-22,134.70075047461415
02267X0030/S1,2021-10-23,134.89560643244653
02267X0030/S1,2021-10-24,134.81750281847204
02267X0030/S1,2021-10-25,134.637123693043
02267X0030/S1,2021-10-26,134.5364006177323
02267X0030/S1,2021-10-27,134.7684735567178
02267X0030/S1,2021-10-28,134.3310507478613
02267X0030/S1,2021-10-29,134.418784133136
02267X0030/S1,2021-10-30,134.54030834418117
02267X0030/S1,2021-10-31,134.65354708142505
02267X0030/S1,2021-11-01,134.5598455621198
02267X0030/S1,2021-11-02,134.60789753868542
02267X0030/S1,2021-11-03,134.36240566790593
02267X0030/S1,2021-11-04,134.45424996820466
02267X0030/S1,2021-11-05,134.40492275939823
02267X0030/S1,2021-11-06,134.39568569362726
02267X0030/S1,2021-11-07,134.67411108524928
02267X0030/S1,2021-11-08,134.3525126000414
02267X0030/S1,2021-11-09,134.86574101194526
02267X0030/S1,2021-11-10,134.4742077063499
02267X0030/S1,2021-11-11,134.4664287896809
02267X0030/S1,2021-11-12,134.5150061807871
02267X0030/S1,2021-11-13,134.6481698914292
02267X0030/S1,2021-11-14,134.4424758738555
02267X0030/S1,2021-11-15,134.465653750197
02267X0030/S1,2021-11-16,134.4013811023893
02267X0030/S1,2021-11-17,134.4073306147291
02267X0030/S1,2021-11-18,134.43701759700366
02267X0030/S1,2021-11-19,134.6482000632826
02267X0030/S1,2021-11-20,134.65396241584435
02267X0030/S1,2021-11-21,134.64696396016413
02267X0030/S1,2021-11-22,134.82911521054444
02267X0030/S1,2021-11-23,134.74588898158706
02267X0030/S1,2021-11-24,134.61845863024135
02267X0030/S1,2021-11-25,134.5316113074423
02267X0030/S1,2021-11-26,134.64719449198142
02267X0030/S1,2021-11-27,134.5976975664997
02267X0030/S1,2021-11-28,134.65582929927268
02267X0030/S1,2021-11-29,134.61514491215607
02267X0030/S1,2021-11-30,134.7361703447499
02267X0030/S1,2021-12-01,134.37889010714755
02267X0030/S1,2021-12-02,134.52828533204155
02267X0030/S1,2021-12-03,134.5300301137507
02267X0030/S1,2021-12-04,134.51347755212137
02267X0030/S1,2021-12-05,134.37292763033952
02267X0030/S1,2021-12-06,134.67577996588977
02267X0030/S1,2021-12-07,134.577407466532
02267X0030/S1,2021-12-08,134.74097521240182
02267X0030/S1,2021-12-09,134.7125085401662
02267X0030/S1,2021-12-10,134.5659600767828
02267X0030/S1,2021-12-11,134.8046816665233
02267X0030/S1,2021-12-12,134.33211619143404
02267X0030/S1,2021-12-13,134.39925728677196
02267X0030/S1,2021-12-14,134.4861079096175
02267X0030/S1,2021-12-15,134.75745140152728
02267X0030/S1,2021-12-16,135.06762276869998
02267X0030/S1,2021-12-17,134.69508759488153
02267X0030/S1,2021-12-18,134.42900154842445
02267X0030/S1,2021-12-19,134.55413601030148
02267X0030/S1,2021-12-20,134.6265541156533
02267X0030/S1,2021-12-21,134.6789824252657
02267X0030/S1,2021-12-22,134.50710068376446
02267X0030/S1,2021-12-23,134.53137888988417
02267X0030/S1,2021-12-24,134.60348019077543
02267X0030/S1,2021-12-25,134.5249381420564
02267X0030/S1,2021-12-26,134.577459324405
02267X0030/S1,2021-12-27,134.58269555527332
02267X0030/S1,2021-12-28,134.69392833570217
02267X0030/S1,2021-12-29,134.46068223019864
02267X0030/S1,2021-12-30,134.37989497129593
02267X0030/S1,2021-12-31,134.82713801127716
02267X0030/S1,2022-01-01,134.58276014189698
02267X0030/S1,2022-01-02,134.35138398415063
02267X0030/S1,2022-01-03,134.53160187873812
02267X0030/S1,2022-01-04,134.5103297792297
02267X0030/S1,2022-01-05,134.51900465851372
02267X0030/S1,2022-01-06,134.53880352299348
02267X0030/S1,2022-01-07,134.30018376325816
02267X0030/S1,2022-01-08,134.52033174862757
02267X0030/S1,2022-01-09,134.4635358275198
02267X0030/S1,2022-01-10,134.4078659294091
02267X0030/S1,2022-01-11,134.34207832455672
02267X0030/S1,2022-01-12,134.44742688642225
02267X0030/S1,2022-01-13,135.35979473958636
02267X0030/S1,2022-01-14,135.6529784104316
02267X0030/S1,2022-01-15,135.5772423440776
02603X0009/S1,2021-10-15,130.8191688256019
02603X0009/S1,2021-10-16,130.5144651746344
02603X0009/S1,2021-10-17,130.63303299402625
02603X0009/S1,2021-10-18,130.71547426592835
02603X0009/S1,2021-10-19,130.75784034790993
02603X0009/S1,2021-10-20,130.6763792165408
02603X0009/S1,2021-10-21,130.8929626543611
02603X0009/S1,2021-10-22,130.6665467847824
02603X0009/S1,2021-10-23,130.66967502215132
02603X0009/S1,2021-10-24,130.68319076053214
02603X0009/S1,2021-10-25,130.40520100274856
02603X0009/S1,2021-10-26,130.39182769132665
02603X0009/S1,2021-10-27,130.89268433716862
02603X0009/S1,2021-10-28,130.54387491461677
02603X0009/S1,2021-10-29,130.653414227399
02603X0009/S1,2021-10-30,130.34253387736263
02603X0009/S1,2021-10-31,130.87278415154006
02603X0009/S1,2021-11-01,130.47786379389288
02603X0009/S1,2021-11-02,130.91753926852917
02603X0009/S1,2021-11-03,130.86824269256857
02603X0009/S1,2021-11-04,130.75651228786973
02603X0009/S1,2021-11-05,130.33194999839125
02603X0009/S1,2021-11-06,130.53103365580992
02603X0009/S1,2021-11-07,130.55365993209986
02603X0009/S1,2021-11-08,130.27251325821584
02603X0009/S1,2021-11-09,130.8273279477429
02603X0009/S1,2021-11-10,130.92245958137
02603X0009/S1,2021-11-11,130.8778918198181
02603X0009/S1,2021-11-12,131.07929900689118
02603X0009/S1,2021-11-13,130.65568956021244
02603X0009/S1,2021-11-14,130.88269327473785
02603X0009/S1,2021-11-15,130.43544389901055
02603X0009/S1,2021-11-16,130.5796586062597
02603X0009/S1,2021-11-17,130.40249765252597
02603X0009/S1,2021-11-18,130.15308217678125
02603X0009/S1,2021-11-19,130.9951745742504
02603X0009/S1,2021-11-20,130.6081644368157
02603X0009/S1,2021-11-21,130.4908022289474
02603X0009/S1,2021-11-22,130.59963631192664
02603X0009/S1,2021-11-23,130.54715119500435
02603X0009/S1,2021-11-24,130.78060601296252
02603X0009/S1,2021-11-25,130.56701400161202
02603X0009/S1,2021-11-26,130.27853970466867
02603X0009/S1,2021-11-27,130.8986375446778
02603X0009/S1,2021-11-28,130.78724677349635
02603X0009/S1,2021-11-29,130.76569178362774
02603X0009/S1,2021-11-30,130.5807646938384
02603X0009/S1,2021-12-01,130.42337641355607
02603X0009/S1,2021-12-02,131.0174037674933
02603X0009/S1,2021-12-03,130.47670835864128
02603X0009/S1,2021-12-04,130.7575243754969
02603X0009/S1,2021-12-05,130.7041003638578
02603X0009/S1,2021-12-06,130.11660789391738
02603X0009/S1,2021-12-07,130.22193193952864
02603X0009/S1,2021-12-08,130.65178096673256
02603X0009/S1,2021-12-09,130.5529357365868
02603X0009/S1,2021-12-10,130.57719674660802
02603X0009/S1,2021-12-11,131.1299380052744
02603X0009/S1,2021-12-12,130.280391347201
02603X0009/S1,2021-12-13,130.66189466181314
02603X0009/S1,2021-12-14,130.9293303241555
02603X0009/S1,2021-12-15,130.62147854944345
02603X0009/S1,2021-12-16,130.5505346408607
02603X0009/S1,2021-12-17,130.51983357539314
02603X0009/S1,2021-12-18,130.8896617922036
02603X0009/S1,2021-12-19,130.62387798797158
02603X0009/S1,2021-12-20,130.84281915817104
02603X0009/S1,2021-12-21,130.94262178841095
02603X0009/S1,2021-12-22,130.77700169944333
02603X0009/S1,2021-12-23,130.66645462616196
02603X0009/S1,2021-12-24,130.9496289738294
02603X0009/S1,2021-12-25,131.03325486608074
02603X0009/S1,2021-12-26,130.31069477722218
02603X0009/S1,2021-12-27,130.7477321768226
02603X0009/S1,2021-12-28,130.60582502568076
02603X0009/S1,2021-12-29,130.72536239795184
02603X0009/S1,2021-12-30,130.79543093774
02603X0009/S1,2021-12-31,130.6870060905929
02603X0009/S1,2022-01-01,130.9492783843921
02603X0009/S1,2022-01-02,131.0059628409715
02603X0009/S1,2022-01-03,131.0101009563703
02603X0009/S1,2022-01-04,130.73819592316818
02603X0009/S1,2022-01-05,130.6792359496422
02603X0009/S1,2022-01-06,130.82072014703536
02603X0009/S1,2022-01-07,131.1471514126601
02603X0009/S1,2022-01-08,130.39944316046677
02603X0009/S1,2022-01-09,130.67048447129332
02603X0009/S1,2022-01-10,131.02409185023586
02603X0009/S1,2022-01-11,130.91073140719996
02603X0009/S1,2022-01-12,130.86094890396782
02603X0009/S1,2022-01-13,129.94139713996194
02603X0009/S1,2022-01-14,130.0230921664113
02603X0009/S1,2022-01-15,129.70520688658712
02648X0020/S1,2021-10-15,173.22589066140705
02648X0020/S1,2021-10-16,173.13691430304024
02648X0020/S1,2021-10-17,173.3143167512258
02648X0020/S1,2021-10-18,173.28299258221682
02648X0020/S1,2021-10-19,172.9324993301231
02648X0020/S1,2021-10-20,173.0911784281558
02648X0020/S1,2021-10-21,173.3335888496008
02648X0020/S1,2021-10-22,173.31277138465495
02648X0020/S1,2021-10-23,173.04972298615226
02648X0020/S1,2021-10-24,173.01364270111483
02648X0020/S1,2021-10-25,173.0177628737587
02648X0020/S1,2021-10-26,173.3302951082348
02648X0020/S1,2021-10-27,173.50530831953915
02648X0020/S1,2021-10-28,173.4423910626972
02648X0020/S1,2021-10-29,173.32246847045613
02648X0020/S1,2021-10-30,172.91348872780443
02648X0020/S1,2021-10-31,173.1280734290185
02648X0020/S1,2021-11-01,173.01191936698172
02648X0020/S1,2021-11-02,173.01685863756668
02648X0020/S1,2021-11-03,173.485006781662
02648X0020/S1,2021-11-04,172.9691985666673
02648X0020/S1,2021-11-05,173.39004829856768
02648X0020/S1,2021-11-06,173.65047198853517
02648X0020/S1,2021-11-07,173.29326363576405
02648X0020/S1,2021-11-08,173.00463915222088
02648X0020/S1,2021-11-09,173.21759316975132
02648X0020/S1,2021-11-10,173.2909986184527
02648X0020/S1,2021-11-11,173.14454785942846
02648X0020/S1,2021-11-12,173.13670101025832
02648X0020/S1,2021-11-13,173.2946776282902
02648X0020/S1,2021-11-14,173.22546738478783
02648X0020/S1,2021-11-15,173.24769830567425
02648X0020/S1,2021-11-16,173.01250505018035
02648X0020/S1,2021-11-17,173.16710475607593
02648X0020/S1,2021-11-18,173.33532121625845
02648X0020/S1,2021-11-19,173.25977273404217
02648X0020/S1,2021-11-20,173.0328177669245
02648X0020/S1,2021-11-21,173.3127627992851
02648X0020/S1,2021-11-22,173.0555291107981
02648X0020/S1,2021-11-23,173.12614574519705
02648X0020/S1,2021-11-24,173.2814088497745
02648X0020/S1,2021-11-25,173.7586687541961
02648X0020/S1,2021-11-26,173.07771299101225
02648X0020/S1,2021-11-27,173.22592509231734
02648X0020/S1,2021-11-28,173.4374052880256
02648X0020/S1,2021-11-29,173.1485253002988
02648X0020/S1,2021-11-30,173.30582286923504
02648X0020/S1,2021-12-01,173.63936752809707
02648X0020/S1,2021-12-02,173.41698364440165
02648X0020/S1,2021-12-03,173.3320081578103
02648X0020/S1,2021-12-04,173.10115060351558
02648X0020/S1,2021-12-05,173.51783482128764
02648X0020/S1,2021-12-06,173.06322768347667
02648X0020/S1,2021-12-07,173.3233291537824
02648X0020/S1,2021-12-08,173.3060245359953
02648X0020/S1,2021-12-09,173.18643578943764
02648X0020/S1,2021-12-10,173.51932930165603
02648X0020/S1,2021-12-11,173.1904512384557
02648X0020/S1,2021-12-12,173.61406680090795
02648X0020/S1,2021-12-13,173.29914631329095
02648X0020/S1,2021-12-14,173.5870053574545
02648X0020/S1,2021-12-15,173.33801362401206
02648X0020/S1,2021-12-16,173.12050229542348
02648X0020/S1,2021-12-17,173.1471162264741
02648X0020/S1,2021-12-18,173.05503509430864
02648X0020/S1,2021-12-19,173.09437531581835
02648X0020/S1,2021-12-20,172.98851707969803
02648X0020/S1,2021-12-21,173.1890074654279
02648X0020/S1,2021-12-22,173.39596969968977
02648X0020/S1,2021-12-23,172.89449243443545
02648X0020/S1,2021-12-24,173.1456486648174
02648X0020/S1,2021-12-25,173.10679879312875
02648X0020/S1,2021-12-26,173.12673402189284
02648X0020/S1,2021-12-27,173.31344980773403
02648X0020/S1,2021-12-28,173.18463885364432
02648X0020/S1,2021-12-29,173.64720847482548
02648X0020/S1,2021-12-30,173.43040105713268
02648X0020/S1,2021-12-31,173.29531115703952
02648X0020/S1,2022-01-01,173.3600031708027
02648X0020/S1,2022-01-02,173.24073583902836
02648X0020/S1,2022-01-03,173.1260314524611
02648X0020/S1,2022-01-04,173.6295174259647
02648X0020/S1,2022-01-05,173.70378230595924
02648X0020/S1,2022-01-06,173.57064056937185
02648X0020/S1,2022-01-07,173.2155316972499
02648X0020/S1,2022-01-08,173.64533453899642
02648X0020/S1,2022-01-09,173.24652962220503
02648X0020/S1,2022-01-10,173.1595082240951
02648X0020/S1,2022-01-11,173.42652190086082
02648X0020/S1,2022-01-12,173.64181811460026
02648X0020/S1,2022-01-13,173.75059314069213
02648X0020/S1,2022-01-14,173.9281793694508
02648X0020/S1,2022-01-15,173.86771833326094
02706X0074/S77-20,2021-10-15,310.5373172066176
02706X0074/S77-20,2021-10-16,310.4105140124549
02706X0074/S77-20,2021-10-17,309.94414393248667
02706X0074/S77-20,2021-10-18,310.1463541018628
02706X0074/S77-20,2021-10-19,310.2712586978432
02706X0074/S77-20,2021-10-20,310.46896404553087
02706X0074/S77-20,2021-10-21,310.22735555563355
02706X0074/S77-20,2021-10-22,310.74656215087407
02706X0074/S77-20,2021-10-23,310.28252449191643
02706X0074/S77-20,2021-10-24,309.98402764046176
02706X0074/S77-20,2021-10-25,310.0666226111573
02706X0074/S77-20,2021-10-26,310.2695136602493
02706X0074/S77-20,2021-10-27,310.2217224319392
02706X0074/S77-20,2021-10-28,310.396932230054
02706X0074/S77-20,2021-10-29,310.1591941469568
02706X0074/S77-20,2021-10-30,309.9603499576805
02706X0074/S77-20,2021-10-31,309.7872573690949
02706X0074/S77-20,2021-11-01,310.0282782489179
02706X0074/S77-20,2021-11-02,310.0787430180696
02706X0074/S77-20,2021-11-03,310.7064022604976
02706X0074/S77-20,2021-11-04,310.6702895699234
02706X0074/S77-20,2021-11-05,310.479869453869
02706X0074/S77-20,2021-11-06,310.44570624612965
02706X0074/S77-20,2021-11-07,309.9937010508986
02706X0074/S77-20,2021-11-08,309.9856391766733
02706X0074/S77-20,2021-11-09,310.422586254607
02706X0074/S77-20,2021-11-10,310.48961369483555
02706X0074/S77-20,2021-11-11,310.8167283468633
02706X0074/S77-20,2021-11-12,310.771450752391
02706X0074/S77-20,2021-11-13,310.53344725313286
02706X0074/S77-20,2021-11-14,310.1924066389944
02706X0074/S77-20,2021-11-15,310.1212152702506
02706X0074/S77-20,2021-11-16,310.1570191397154
02706X0074/S77-20,2021-11-17,310.81696112431604
02706X0074/S77-20,2021-11-18,310.6754428592773
02706X0074/S77-20,2021-11-19,310.4947302656429
02706X0074/S77-20,2021-11-20,310.26441295548057
02706X0074/S77-20,2021-11-21,310.11789915484366
02706X0074/S77-20,2021-11-22,310.1986547983441
02706X0074/S77-20,2021-11-23,310.46229396288186
02706X0074/S77-20,2021-11-24,310.43633463041374
02706X0074/S77-20,2021-11-25,310.6230584127777
02706X0074/S77-20,2021-11-26,310.3321120957884
02706X0074/S77-20,2021-11-27,310.05406316828976
02706X0074/S77-20,2021-11-28,309.77042463537435
02706X0074/S77-20,2021-11-29,310.0876932771304
02706X0074/S77-20,2021-11-30,310.0002349122729
02706X0074/S77-20,2021-12-01,310.805675157708
02706X0074/S77-20,2021-12-02,310.7467971949038
02706X0074/S77-20,2021-12-03,310.32833337202584
02706X0074/S77-20,2021-12-04,310.1672655408052
02706X0074/S77-20,2021-12-05,310.314633387637
02706X0074/S77-20,2021-12-06,309.9112581675164
02706X0074/S77-20,2021-12-07,310.671776217745
02706X0074/S77-20,2021-12-08,311.0379317511089
02706X0074/S77-20,2021-12-09,310.8020103294372
02706X0074/S77-20,2021-12-10,310.91097941618284
02706X0074/S77-20,2021-12-11,310.58954661925384
02706X0074/S77-20,2021-12-12,310.26881056807935
02706X0074/S77-20,2021-12-13,310.39572913100886
02706X0074/S77-20,2021-12-14,310.52474042443646
02706X0074/S77-20,2021-12-15,310.71595361576567
02706X0074/S77-20,2021-12-16,310.9346105208078
02706X0074/S77-20,2021-12-17,310.9103701602986
02706X0074/S77-20,2021-12-18,310.05529992600265
02706X0074/S77-20,2021-12-19,309.973502450407
02706X0074/S77-20,2021-12-20,309.9828107152972
02706X0074/S77-20,2021-12-21,310.499999377079
02706X0074/S77-20,2021-12-22,310.4551490323618
02706X0074/S77-20,2021-12-23,310.7071359514564
02706X0074/S77-20,2021-12-24,310.4260688500909
02706X0074/S77-20,2021-12-25,310.19048571502907
02706X0074/S77-20,2021-12-26,309.7182024757844
02706X0074/S77-20,2021-12-27,310.0087932801791
02706X0074/S77-20,2021-12-28,309.6753419589717
02706X0074/S77-20,2021-12-29,310.217330372454
02706X0074/S77-20,2021-12-30,310.4754212966043
02706X0074/S77-20,2021-12-31,310.1641883226088
02706X0074/S77-20,2022-01-01,309.8323413978956
02706X0074/S77-20,2022-01-02,309.8058263007593
02706X0074/S77-20,2022-01-03,310.1848270923441
02706X0074/S77-20,2022-01-04,310.4898931637735
02706X0074/S77-20,2022-01-05,310.7846250042562
02706X0074/S77-20,2022-01-06,310.0836279447126
02706X0074/S77-20,2022-01-07,310.02841934333304
02706X0074/S77-20,2022-01-08,310.1713878776334
02706X0074/S77-20,2022-01-09,310.1469303790524
02706X0074/S77-20,2022-01-10,310.09542173788634
02706X0074/S77-20,2022-01-11,309.81124749950874
02706X0074/S77-20,2022-01-12,310.1656223858452
02706X0074/S77-20,2022-01-13,309.94489870261106
02706X0074/S77-20,2022-01-14,310.1249482091588
02706X0074/S77-20,2022-01-15,310.31419537164135
03124X0088/F,2021-10-15,236.42581628920672
03124X0088/F,2021-10-16,236.3993750130036
03124X0088/F,2021-10-17,236.38071060488176
03124X0088/F,2021-10-18,236.0728587109072
03124X0088/F,2021-10-19,236.91052409190792
03124X0088/F,2021-10-20,236.24784257095573
03124X0088/F,2021-10-21,236.3374607854607
03124X0088/F,2021-10-22,236.62083528542
03124X0088/F,2021-10-23,237.04179708315243
03124X0088/F,2021-10-24,236.4936597999976
03124X0088/F,2021-10-25,236.90328429931188
03124X0088/F,2021-10-26,236.64718397537973
03124X0088/F,2021-10-27,236.2356275850592
03124X0088/F,2021-10-28,237.01794822176527
03124X0088/F,2021-10-29,236.7531018851306
03124X0088/F,2021-10-30,236.87386821958
03124X0088/F,2021-10-31,236.8951050950752
03124X0088/F,2021-11-01,236.68861556658123
03124X0088/F,2021-11-02,236.79491699414527
03124X0088/F,2021-11-03,237.0292761110124
03124X0088/F,2021-11-04,237.351305367604
03124X0088/F,2021-11-05,237.3302431263241
03124X0088/F,2021-11-06,236.76825065057
03124X0088/F,2021-11-07,237.2050115756468
03124X0088/F,2021-11-08,236.94730153072624
03124X0088/F,2021-11-09,237.2612298673845
03124X0088/F,2021-11-10,237.1362903773776
03124X0088/F,2021-11-11,237.5360674264226
03124X0088/F,2021-11-12,237.46127919464075
03124X0088/F,2021-11-13,237.3729425092369
03124X0088/F,2021-11-14,237.65096638996968
03124X0088/F,2021-11-15,237.6265462037146
03124X0088/F,2021-11-16,237.6953432399028
03124X0088/F,2021-11-17,237.46332870028547
03124X0088/F,2021-11-18,237.59014531992293
03124X0088/F,2021-11-19,238.0386782471218
03124X0088/F,2021-11-20,237.8761476131816
03124X0088/F,2021-11-21,238.37807589261047
03124X0088/F,2021-11-22,238.20388466113388
03124X0088/F,2021-11-23,237.77678526110577
03124X0088/F,2021-11-24,238.464856865668
03124X0088/F,2021-11-25,238.13128669619613
03124X0088/F,2021-11-26,238.4546620288025
03124X0088/F,2021-11-27,238.54880059727788
03124X0088/F,2021-11-28,238.4083568633482
03124X0088/F,2021-11-29,238.8383215441537
03124X0088/F,2021-11-30,238.5475939651785
03124X0088/F,2021-12-01,239.32289837119347
03124X0088/F,2021-12-02,238.70462776137364
03124X0088/F,2021-12-03,239.74368656971944
03124X0088/F,2021-12-04,239.2330128421381
03124X0088/F,2021-12-05,239.0397242865781
03124X0088/F,2021-12-06,239.23750986136423
03124X0088/F,2021-12-07,239.80622180255364
03124X0088/F,2021-12-08,239.28122007152623
03124X0088/F,2021-12-09,239.6314536007063
03124X0088/F,2021-12-10,239.88203553989152
03124X0088/F,2021-12-11,239.93173859225217
03124X0088/F,2021-12-12,239.8989751058168
03124X0088/F,2021-12-13,239.6931277062032
03124X0088/F,2021-12-14,239.77678681038788
03124X0088/F,2021-12-15,240.37152049636487
03124X0088/F,2021-12-16,240.08291014554325
03124X0088/F,2021-12-17,240.1682434470612
03124X0088/F,2021-12-18,240.8007580834752
03124X0088/F,2021-12-19,240.21378409384224
03124X0088/F,2021-12-20,240.65059679288296
03124X0088/F,2021-12-21,240.59981036268337
03124X0088/F,2021-12-22,240.5821488722263
03124X0088/F,2021-12-23,240.64272885578703
03124X0088/F,2021-12-24,240.25687176972264
03124X0088/F,2021-12-25,241.0425955389481
03124X0088/F,2021-12-26,240.42566239575143
03124X0088/F,2021-12-27,240.92878526354085
03124X0088/F,2021-12-28,241.4136541982968
03124X0088/F,2021-12-29,241.319449389257
03124X0088/F,2021-12-30,241.7304299383074
03124X0088/F,2021-12-31,241.54115439421324
03124X0088/F,2022-01-01,241.5460547846036
03124X0088/F,2022-01-02,241.15760190818304
03124X0088/F,2022-01-03,238.21677880099887
03124X0088/F,2022-01-04,238.338527829276
03124X0088/F,2022-01-05,239.12031477779843
03124X0088/F,2022-01-06,238.47382267660703
03124X0088/F,2022-01-07,239.0448560484854
03124X0088/F,2022-01-08,238.72399616367568
03124X0088/F,2022-01-09,239.0883416617337
03124X0088/F,2022-01-10,239.6082885037816
03124X0088/F,2022-01-11,239.3556246914032
03124X0088/F,2022-01-12,239.8780652931083
03124X0088/F,2022-01-13,239.6214500522888
03124X0088/F,2022-01-14,239.8292956775647
03124X0088/F,2022-01-15,239.85032418696628
04398X0002/SONDAG,2021-10-15,224.6983357200904
04398X0002/SONDAG,2021-10-16,225.51524906047555
04398X0002/SONDAG,2021-10-17,226.37380249506845
04398X0002/SONDAG,2021-10-18,224.30131136866265
04398X0002/SONDAG,2021-10-19,226.7453659248734
04398X0002/SONDAG,2021-10-20,225.98154395514507
04398X0002/SONDAG,2021-10-21,225.8151865174016
04398X0002/SONDAG,2021-10-22,226.1110796405086
04398X0002/SONDAG,2021-10-23,226.6493129340346
04398X0002/SONDAG,2021-10-24,225.88625144304245
04398X0002/SONDAG,2021-10-25,225.9539878335956
04398X0002/SONDAG,2021-10-26,226.2203059670476
04398X0002/SONDAG,2021-10-27,224.6114189968531
04398X0002/SONDAG,2021-10-28,225.48468810420965
04398X0002/SONDAG,2021-10-29,227.11411184192607
04398X0002/SONDAG,2021-10-30,226.04110448941512
04398X0002/SONDAG,2021-10-31,225.02271806697823
04398X0002/SONDAG,2021-11-01,225.1900591329399
04398X0002/SONDAG,2021-11-02,224.7671068494465
04398X0002/SONDAG,2021-11-03,225.1430636181924
04398X0002/SONDAG,2021-11-04,224.48509233800368
04398X0002/SONDAG,2021-11-05,225.218298733292
04398X0002/SONDAG,2021-11-06,225.52510622116407
04398X0002/SONDAG,2021-11-07,224.18899635932345
04398X0002/SONDAG,2021-11-08,224.868584076384
04398X0002/SONDAG,2021-11-09,225.4619771324908
04398X0002/SONDAG,2021-11-10,226.3794923892892
04398X0002/SONDAG,2021-11-11,224.90419445779227
04398X0002/SONDAG,2021-11-12,225.6003705661735
04398X0002/SONDAG,2021-11-13,224.9943476836588
04398X0002/SONDAG,2021-11-14,226.19007113305983
04398X0002/SONDAG,2021-11-15,225.7038187241645
04398X0002/SONDAG,2021-11-16,225.11418847608945
04398X0002/SONDAG,2021-11-17,226.1941920492424
04398X0002/SONDAG,2021-11-18,226.7821796599067
04398X0002/SONDAG,2021-11-19,225.9114619896102
04398X0002/SONDAG,2021-11-20,225.60570160061724
04398X0002/SONDAG,2021-11-21,226.3291452895823
04398X0002/SONDAG,2021-11-22,225.2213346352267
04398X0002/SONDAG,2021-11-23,226.52557053325813
04398X0002/SONDAG,2021-11-24,225.50422671207247
04398X0002/SONDAG,2021-11-25,225.52306764374816
04398X0002/SONDAG,2021-11-26,226.12014233225176
04398X0002/SONDAG,2021-11-27,225.3621417913378
04398X0002/SONDAG,2021-11-28,226.49482258908424
04398X0002/SONDAG,2021-11-29,225.4094267657053
04398X0002/SONDAG,2021-11-30,225.865815560466
04398X0002/SONDAG,2021-12-01,224.6965425068877
04398X0002/SONDAG,2021-12-02,225.47311857189723
04398X0002/SONDAG,2021-12-03,225.49827700571169
04398X0002/SONDAG,2021-12-04,225.73028732604536
04398X0002/SONDAG,2021-12-05,224.7576756102992
04398X0002/SONDAG,2021-12-06,225.6545427753768
04398X0002/SONDAG,2021-12-07,225.5192933107806
04398X0002/SONDAG,2021-12-08,225.26714775837013
04398X0002/SONDAG,2021-12-09,225.5989085696047
04398X0002/SONDAG,2021-12-10,225.66295029957269
04398X0002/SONDAG,2021-12-11,225.1235804636438
04398X0002/SONDAG,2021-12-12,225.84041376677487
04398X0002/SONDAG,2021-12-13,225.36208583693923
04398X0002/SONDAG,2021-12-14,225.68963503575725
04398X0002/SONDAG,2021-12-15,225.97351825708373
04398X0002/SONDAG,2021-12-16,226.75023587837023
04398X0002/SONDAG,2021-12-17,226.7774298830957
04398X0002/SONDAG,2021-12-18,226.9046477618916
04398X0002/SONDAG,2021-12-19,226.44129193464167
04398X0002/SONDAG,2021-12-20,226.87153365652813
04398X0002/SONDAG,2021-12-21,226.8118893576883
04398X0002/SONDAG,2021-12-22,226.46680112737243
04398X0002/SONDAG,2021-12-23,226.95500191853387
04398X0002/SONDAG,2021-12-24,226.352211613489
04398X0002/SONDAG,2021-12-25,226.36987867199133
04398X0002/SONDAG,2021-12-26,227.433545481589
04398X0002/SONDAG,2021-12-27,227.593633124582
04398X0002/SONDAG,2021-12-28,226.87759176409696
04398X0002/SONDAG,2021-12-29,226.4028439971145
04398X0002/SONDAG,2021-12-30,227.45754914606405
04398X0002/SONDAG,2021-12-31,226.47878873090747
04398X0002/SONDAG,2022-01-01,225.7991413013171
04398X0002/SONDAG,2022-01-02,227.44624090826576
04398X0002/SONDAG,2022-01-03,226.7868805810115
04398X0002/SONDAG,2022-01-04,226.39315545124785
04398X0002/SONDAG,2022-01-05,225.93916225637147
04398X0002/SONDAG,2022-01-06,226.59686236651223
04398X0002/SONDAG,2022-01-07,225.9319137398519
04398X0002/SONDAG,2022-01-08,226.960328150921
04398X0002/SONDAG,2022-01-09,226.2727612113556
04398X0002/SONDAG,2022-01-10,226.48146009411127
04398X0002/SONDAG,2022-01-11,226.16488388690587
04398X0002/SONDAG,2022-01-12,227.0247293670212
04398X0002/SONDAG,2022-01-13,226.64487366237856
04398X0002/SONDAG,2022-01-14,230.1123722505433
04398X0002/SONDAG,2022-01-15,230.7067551149063
06505X0080/FORC,2021-10-15,168.45827604640752
06505X0080/FORC,2021-10-16,168.47402093683507
06505X0080/FORC,2021-10-17,168.48927234065033
06505X0080/FORC,2021-10-18,168.49485749005478
06505X0080/FORC,2021-10-19,168.43950623268654
06505X0080/FORC,2021-10-20,168.4764481134903
06505X0080/FORC,2021-10-21,168.44054907692345
06505X0080/FORC,2021-10-22,168.46726160158545
06505X0080/FORC,2021-10-23,168.46213399266892
06505X0080/FORC,2021-10-24,168.46929719319814
06505X0080/FORC,2021-10-25,168.49558487045363
06505X0080/FORC,2021-10-26,168.5176209019273
06505X0080/FORC,2021-10-27,168.47279112395583
06505X0080/FORC,2021-10-28,168.42019673914368
06505X0080/FORC,2021-10-29,168.50223189439615
06505X0080/FORC,2021-10-30,168.46565793274763
06505X0080/FORC,2021-10-31,168.4816806330413
06505X0080/FORC,2021-11-01,168.51612596604937
06505X0080/FORC,2021-11-02,168.46079894385096
06505X0080/FORC,2021-11-03,168.54724372078252
06505X0080/FORC,2021-11-04,168.4669564661587
06505X0080/FORC,2021-11-05,168.51208023788487
06505X0080/FORC,2021-11-06,168.46738733169465
06505X0080/FORC,2021-11-07,168.4716141730242
06505X0080/FORC,2021-11-08,168.52542145489235
06505X0080/FORC,2021-11-09,168.4722851131283
06505X0080/FORC,2021-11-10,168.52716752568438
06505X0080/FORC,2021-11-11,168.4522084707367
06505X0080/FORC,2021-11-12,168.46949270107817
06505X0080/FORC,2021-11-13,168.48672301223309
06505X0080/FORC,2021-11-14,168.48544505431852
06505X0080/FORC,2021-11-15,168.42630733630722
06505X0080/FORC,2021-11-16,168.47704976378
06505X0080/FORC,2021-11-17,168.51544510416437
06505X0080/FORC,2021-11-18,168.52283943339367
06505X0080/FORC,2021-11-19,168.5059907855004
06505X0080/FORC,2021-11-20,168.53389274464627
06505X0080/FORC,2021-11-21,168.55295268913346
06505X0080/FORC,2021-11-22,168.513608680105
06505X0080/FORC,2021-11-23,168.5312658311552
06505X0080/FORC,2021-11-24,168.52138068761832
06505X0080/FORC,2021-11-25,168.58298718057134
06505X0080/FORC,2021-11-26,168.58407914575645
06505X0080/FORC,2021-11-27,168.5215690388039
06505X0080/FORC,2021-11-28,168.50601323149658
06505X0080/FORC,2021-11-29,168.57714390221048
06505X0080/FORC,2021-11-30,168.573319218313
06505X0080/FORC,2021-12-01,168.62188251365384
06505X0080/FORC,2021-12-02,168.57875989194838
06505X0080/FORC,2021-12-03,168.55338709235355
06505X0080/FORC,2021-12-04,168.6511780357274
06505X0080/FORC,2021-12-05,168.58440835370084
06505X0080/FORC,2021-12-06,168.57883125557763
06505X0080/FORC,2021-12-07,168.57122991082895
06505X0080/FORC,2021-12-08,168.62987349161935
06505X0080/FORC,2021-12-09,168.6608126542957
06505X0080/FORC,2021-12-10,168.62812835607716
06505X0080/FORC,2021-12-11,168.61834060051297
06505X0080/FORC,2021-12-12,168.67576213506413
06505X0080/FORC,2021-12-13,168.61798711673572
06505X0080/FORC,2021-12-14,168.5472183877107
06505X0080/FORC,2021-12-15,168.65568187366233
06505X0080/FORC,2021-12-16,168.72450918666743
06505X0080/FORC,2021-12-17,168.66396798394754
06505X0080/FORC,2021-12-18,168.6753648165334
06505X0080/FORC,2021-12-19,168.6764566190664
06505X0080/FORC,2021-12-20,168.61356387293935
06505X0080/FORC,2021-12-21,168.67818520475268
06505X0080/FORC,2021-12-22,168.69406590972253
06505X0080/FORC,2021-12-23,168.6698993384457
06505X0080/FORC,2021-12-24,168.6588507847684
06505X0080/FORC,2021-12-25,168.68179026758943
06505X0080/FORC,2021-12-26,168.66978767774717
06505X0080/FORC,2021-12-27,168.71727519179146
06505X0080/FORC,2021-12-28,168.69568612841624
06505X0080/FORC,2021-12-29,168.7029184561077
06505X0080/FORC,2021-12-30,168.71244035673854
06505X0080/FORC,2021-12-31,168.76459346627738
06505X0080/FORC,2022-01-01,168.72246883747945
06505X0080/FORC,2022-01-02,168.7382452824234
06505X0080/FORC,2022-01-03,168.74822012861904
06505X0080/FORC,2022-01-04,168.76936694080808
06505X0080/FORC,2022-01-05,169.15832862788733
06505X0080/FORC,2022-01-06,169.18599359014866
06505X0080/FORC,2022-01-07,169.11175300277054
06505X0080/FORC,2022-01-08,169.08009216268616
06505X0080/FORC,2022-01-09,169.17831798452934
06505X0080/FORC,2022-01-10,169.23735919136467
06505X0080/FORC,2022-01-11,169.14020790297113
06505X0080/FORC,2022-01-12,169.07926996625167
06505X0080/FORC,2022-01-13,169.1983766652952
06505X0080/FORC,2022-01-14,169.23576667944752
06505X0080/FORC,2022-01-15,169.19337341792254
07223C0113/S,2021-10-15,185.1695297828404
07223C0113/S,2021-10-16,185.18612528043
07223C0113/S,2021-10-17,185.1620807230306
07223C0113/S,2021-10-18,185.13534945558757
07223C0113/S,2021-10-19,185.1181566104432
07223C0113/S,2021-10-20,185.05569958585983
07223C0113/S,2021-10-21,185.15457776980332
07223C0113/S,2021-10-22,185.0850854858705
07223C0113/S,2021-10-23,185.11748801241063
07223C0113/S,2021-10-24,185.1103593099785
07223C0113/S,2021-10-25,185.09293185438815
07223C0113/S,2021-10-26,185.12529575765177
07223C0113/S,2021-10-27,185.11411226270573
07223C0113/S,2021-10-28,185.0976231674584
07223C0113/S,2021-10-29,185.12257246035028
07223C0113/S,2021-10-30,185.0764629666274
07223C0113/S,2021-10-31,185.06776383199696
07223C0113/S,2021-11-01,185.11381292722228
07223C0113/S,2021-11-02,185.1540380212204
07223C0113/S,2021-11-03,185.04886336770787
07223C0113/S,2021-11-04,185.0736654564408
07223C0113/S,2021-11-05,185.03248367793057
07223C0113/S,2021-11-06,185.08646843127784
07223C0113/S,2021-11-07,185.1149256013145
07223C0113/S,2021-11-08,185.09278051711104
07223C0113/S,2021-11-09,185.07258011590093
07223C0113/S,2021-11-10,185.102453927456
07223C0113/S,2021-11-11,185.11941054351948
07223C0113/S,2021-11-12,185.06130735171075
07223C0113/S,2021-11-13,185.1227625023448
07223C0113/S,2021-11-14,185.07690879366328
07223C0113/S,2021-11-15,185.0585249080632
07223C0113/S,2021-11-16,185.0527787947351
07223C0113/S,2021-11-17,185.0780187496704
07223C0113/S,2021-11-18,185.12900686001268
07223C0113/S,2021-11-19,185.07176263399396
07223C0113/S,2021-11-20,185.03055727838603
07223C0113/S,2021-11-21,185.0669041230601
07223C0113/S,2021-11-22,185.135828815853
07223C0113/S,2021-11-23,185.12111638114777
07223C0113/S,2021-11-24,185.1403935496346
07223C0113/S,2021-11-25,185.0642627958754
07223C0113/S,2021-11-26,185.08726429066525
07223C0113/S,2021-11-27,185.13733100070115
07223C0113/S,2021-11-28,185.1121244364741
07223C0113/S,2021-11-29,185.0371310129948
07223C0113/S,2021-11-30,185.0572014551251
07223C0113/S,2021-12-01,185.1058503325716
07223C0113/S,2021-12-02,185.1174727320896
07223C0113/S,2021-12-03,185.07993240373725
07223C0113/S,2021-12-04,185.08383532960903
07223C0113/S,2021-12-05,185.0360905055888
07223C0113/S,2021-12-06,185.10061196161092
07223C0113/S,2021-12-07,185.1951334216332
07223C0113/S,2021-12-08,185.06802352619448
07223C0113/S,2021-12-09,185.1482576925964
07223C0113/S,2021-12-10,185.0555342204132
07223C0113/S,2021-12-11,185.14415858613344
07223C0113/S,2021-12-12,185.04859369701828
07223C0113/S,2021-12-13,185.13742643908225
07223C0113/S,2021-12-14,185.08350649221325
07223C0113/S,2021-12-15,185.1236968211904
07223C0113/S,2021-12-16,185.11257693147155
07223C0113/S,2021-12-17,184.9932764711696
07223C0113/S,2021-12-18,185.0976992127605
07223C0113/S,2021-12-19,185.12075875444617
07223C0113/S,2021-12-20,185.1466723058401
07223C0113/S,2021-12-21,185.08014351852623
07223C0113/S,2021-12-22,185.03087660757407
07223C0113/S,2021-12-23,185.0375195261015
07223C0113/S,2021-12-24,185.09022791962548
07223C0113/S,2021-12-25,185.1187447755531
07223C0113/S,2021-12-26,185.1555690971753
07223C0113/S,2021-12-27,185.09138185363855
07223C0113/S,2021-12-28,185.0521184934792
07223C0113/S,2021-12-29,185.006510593347
07223C0113/S,2021-12-30,185.1780846960793
07223C0113/S,2021-12-31,185.07628186275545
07223C0113/S,2022-01-01,185.05804648436643
07223C0113/S,2022-01-02,185.1139954664875
07223C0113/S,2022-01-03,185.135158975849
07223C0113/S,2022-01-04,185.1509448403841
07223C0113/S,2022-01-05,185.03499146264244
07223C0113/S,2022-01-06,184.86059118257884
07223C0113/S,2022-01-07,184.8116276587876
07223C0113/S,2022-01-08,184.87219396505571
07223C0113/S,2022-01-09,184.8524287425032
07223C0113/S,2022-01-10,184.84684455375
07223C0113/S,2022-01-11,184.8554859876077
07223C0113/S,2022-01-12,184.8614496902646
07223C0113/S,2022-01-13,184.82988154458744
07223C0113/S,2022-01-14,184.81778743005455
07223C0113/S,2022-01-15,184.89030475945464
07476X0029/S,2021-10-15,298.83993300413016
07476X0029/S,2021-10-16,298.7449693306151
07476X0029/S,2021-10-17,298.97562610036897
07476X0029/S,2021-10-18,299.307413444626
07476X0029/S,2021-10-19,299.00831321932316
07476X0029/S,2021-10-20,298.8438794179553
07476X0029/S,2021-10-21,298.625883799576
07476X0029/S,2021-10-22,298.9242136436423
07476X0029/S,2021-10-23,298.91870048179294
07476X0029/S,2021-10-24,298.9369093614084
07476X0029/S,2021-10-25,299.1299867180867
07476X0029/S,2021-10-26,298.9146397813947
07476X0029/S,2021-10-27,298.73776979373264
07476X0029/S,2021-10-28,298.8945910375106
07476X0029/S,2021-10-29,299.21980801303386
07476X0029/S,2021-10-30,298.9063629034993
07476X0029/S,2021-10-31,299.0208036325399
07476X0029/S,2021-11-01,298.64908014773107
07476X0029/S,2021-11-02,298.9781098080796
07476X0029/S,2021-11-03,299.1142477495366
07476X0029/S,2021-11-04,298.80379097216183
07476X0029/S,2021-11-05,298.6774063054237
07476X0029/S,2021-11-06,298.78937552812283
07476X0029/S,2021-11-07,298.6103198377935
07476X0029/S,2021-11-08,298.8268873476075
07476X0029/S,2021-11-09,298.9411288790149
07476X0029/S,2021-11-10,298.82929514261184
07476X0029/S,2021-11-11,299.0401422168583
07476X0029/S,2021-11-12,298.71587385728054
07476X0029/S,2021-11-13,298.64788542306616
07476X0029/S,2021-11-14,298.80517130345584
07476X0029/S,2021-11-15,299.1324096183611
07476X0029/S,2021-11-16,298.80021551610145
07476X0029/S,2021-11-17,299.1346390166363
07476X0029/S,2021-11-18,298.73901456395197
07476X0029/S,2021-11-19,298.97999323086214
07476X0029/S,2021-11-20,298.8144589133578
07476X0029/S,2021-11-21,298.571314291553
07476X0029/S,2021-11-22,298.919573571388
07476X0029/S,2021-11-23,298.6187096936371
07476X0029/S,2021-11-24,298.6804583177628
07476X0029/S,2021-11-25,298.5597746130077
07476X0029/S,2021-11-26,298.2969601627691
07476X0029/S,2021-11-27,298.8402459960442
07476X0029/S,2021-11-28,299.1388944154907
07476X0029/S,2021-11-29,298.74585946660716
07476X0029/S,2021-11-30,298.74737073205216
07476X0029/S,2021-12-01,298.226177864284
07476X0029/S,2021-12-02,298.7642855405638
07476X0029/S,2021-12-03,298.7352890771646
07476X0029/S,2021-12-04,298.8232966616461
07476X0029/S,2021-12-05,298.59594565282754
07476X0029/S,2021-12-06,298.4965176553798
07476X0029/S,2021-12-07,298.16685732507983
07476X0029/S,2021-12-08,298.5792631034221
07476X0029/S,2021-12-09,298.67644390529614
07476X0029/S,2021-12-10,298.6226750264391
07476X0029/S,2021-12-11,298.3320356467639
07476X0029/S,2021-12-12,298.665097454562
07476X0029/S,2021-12-13,298.7360197883726
07476X0029/S,2021-12-14,298.85875038185264
07476X0029/S,2021-12-15,298.9749786301666
07476X0029/S,2021-12-16,298.68113535042437
07476X0029/S,2021-12-17,298.47714205567195
07476X0029/S,2021-12-18,298.70968504617304
07476X0029/S,2021-12-19,298.5643529555568
07476X0029/S,2021-12-20,298.69017663973426
07476X0029/S,2021-12-21,298.64962881052327
07476X0029/S,2021-12-22,298.58266767176747
07476X0029/S,2021-12-23,298.45269265557147
07476X0029/S,2021-12-24,298.9041937518211
07476X0029/S,2021-12-25,298.66050891720187
07476X0029/S,2021-12-26,298.2372868681491
07476X0029/S,2021-12-27,298.2706167213299
07476X0029/S,2021-12-28,298.703922049139
07476X0029/S,2021-12-29,298.40156530458574
07476X0029/S,2021-12-30,298.4150454370323
07476X0029/S,2021-12-31,298.6599233636511
07476X0029/S,2022-01-01,298.365055667425
07476X0029/S,2022-01-02,298.2882240323186
07476X0029/S,2022-01-03,298.5000242216875
07476X0029/S,2022-01-04,298.24730460349355
07476X0029/S,2022-01-05,298.9103149132537
07476X0029/S,2022-01-06,298.80592151940607
07476X0029/S,2022-01-07,298.63200370223615
07476X0029/S,2022-01-08,298.8956582834174
07476X0029/S,2022-01-09,298.69280711907265
07476X0029/S,2022-01-10,298.53782730368164
07476X0029/S,2022-01-11,298.53011269827715
07476X0029/S,2022-01-12,298.88047369821976
07476X0029/S,2022-01-13,298.92586825648004
07476X0029/S,2022-01-14,298.31685764208
07476X0029/S,2022-01-15,298.6474908290434
